{
	"name": "creditos",
	"events": [
		{
			"eventType": "block",
			"conditions": [
				{
					"id": "compare-time",
					"objectClass": "System",
					"sid": 293404581301014,
					"parameters": {
						"comparison": 0,
						"time-seconds": "15"
					}
				}
			],
			"actions": [
				{
					"id": "go-to-layout",
					"objectClass": "System",
					"sid": 170619006249173,
					"parameters": {
						"layout": "Help"
					}
				}
			],
			"sid": 380449863793835
		},
		{
			"eventType": "block",
			"conditions": [],
			"actions": [],
			"sid": 522783227013778
		}
	],
	"sid": 407640434304011
}