{
	"name": "Introdução",
	"events": [
		{
			"eventType": "block",
			"conditions": [
				{
					"id": "compare-time",
					"objectClass": "System",
					"sid": 539706072379240,
					"parameters": {
						"comparison": 0,
						"time-seconds": "5.0"
					}
				}
			],
			"actions": [
				{
					"id": "go-to-layout",
					"objectClass": "System",
					"sid": 588274373588343,
					"parameters": {
						"layout": "creditos"
					}
				},
				{
					"id": "go-to-layout",
					"objectClass": "System",
					"sid": 267298232064483,
					"parameters": {
						"layout": "creditos"
					}
				}
			],
			"sid": 516032204560731
		},
		{
			"eventType": "block",
			"conditions": [],
			"actions": [],
			"sid": 246259388234651
		}
	],
	"sid": 247967454130118
}