{
	"name": "creditos",
	"layers": [
		{
			"name": "Camada 0",
			"overriden": 0,
			"instances": [
				{
					"type": "Sprite3",
					"properties": {
						"initially-visible": true,
						"initial-animation": "Animation 1",
						"initial-frame": 0,
						"enable-collisions": true,
						"live-preview": false
					},
					"uid": 7,
					"instanceVariables": {},
					"behaviors": {},
					"world": {
						"x": 423,
						"y": 249,
						"width": 896,
						"height": 546,
						"originX": 0.5,
						"originY": 0.5,
						"color": [
							1,
							1,
							1,
							1
						],
						"angle": 0,
						"zElevation": 0
					}
				},
				{
					"type": "FonteDeSprites3",
					"properties": {
						"text": "Game Engine",
						"enable-bbcode": true,
						"character-width": 16,
						"character-height": 16,
						"character-set": "ABCDEFGHIJKLMNOPQRSTUVWXYZabcdefghijklmnopqrstuvwxyz0123456789.,;:?!-_~#\"'&()[]|`\\/@°+=*$£€<>",
						"spacing-data": "",
						"scale": 1,
						"character-spacing": 0,
						"line-height": 0,
						"horizontal-alignment": "left",
						"vertical-alignment": "top",
						"wrapping": "word",
						"initially-visible": true,
						"origin": "top-left"
					},
					"uid": 8,
					"instanceVariables": {},
					"behaviors": {},
					"effects": {
						"Água": {
							"parameters": {
								"speed": 0.05,
								"x-speed": 0.2,
								"y-speed": 0.2,
								"intensity": 3,
								"frequency": 2,
								"angle": 7,
								"delta": 20,
								"reflectivity": 400,
								"emboss": 0.3
							}
						}
					},
					"world": {
						"x": 40,
						"y": 265,
						"width": 200,
						"height": 30,
						"originX": 0,
						"originY": 0,
						"color": [
							1,
							0.9647058823529412,
							0,
							1
						],
						"angle": 0,
						"zElevation": 0,
						"blendMode": "additive"
					}
				},
				{
					"type": "FonteDeSprites3",
					"properties": {
						"text": "Construct 3: https://www.construct.net/en",
						"enable-bbcode": true,
						"character-width": 16,
						"character-height": 16,
						"character-set": "ABCDEFGHIJKLMNOPQRSTUVWXYZabcdefghijklmnopqrstuvwxyz0123456789.,;:?!-_~#\"'&()[]|`\\/@°+=*$£€<>",
						"spacing-data": "",
						"scale": 1,
						"character-spacing": 0,
						"line-height": 0,
						"horizontal-alignment": "left",
						"vertical-alignment": "top",
						"wrapping": "word",
						"initially-visible": true,
						"origin": "top-left"
					},
					"uid": 9,
					"instanceVariables": {},
					"behaviors": {},
					"effects": {
						"Água": {
							"parameters": {
								"speed": 0.05,
								"x-speed": 0.2,
								"y-speed": 0.2,
								"intensity": 3,
								"frequency": 2,
								"angle": 7,
								"delta": 20,
								"reflectivity": 400,
								"emboss": 0.3
							}
						}
					},
					"world": {
						"x": 47,
						"y": 307,
						"width": 665,
						"height": 30,
						"originX": 0,
						"originY": 0,
						"color": [
							1,
							0.9647058823529412,
							0,
							1
						],
						"angle": 0,
						"zElevation": 0,
						"blendMode": "additive"
					}
				},
				{
					"type": "FonteDeSprites3",
					"properties": {
						"text": "Authors",
						"enable-bbcode": true,
						"character-width": 16,
						"character-height": 16,
						"character-set": "ABCDEFGHIJKLMNOPQRSTUVWXYZabcdefghijklmnopqrstuvwxyz0123456789.,;:?!-_~#\"'&()[]|`\\/@°+=*$£€<>",
						"spacing-data": "",
						"scale": 1,
						"character-spacing": 0,
						"line-height": 0,
						"horizontal-alignment": "left",
						"vertical-alignment": "top",
						"wrapping": "word",
						"initially-visible": true,
						"origin": "top-left"
					},
					"uid": 10,
					"instanceVariables": {},
					"behaviors": {},
					"effects": {
						"Água": {
							"parameters": {
								"speed": 0.05,
								"x-speed": 0.2,
								"y-speed": 0.2,
								"intensity": 3,
								"frequency": 2,
								"angle": 7,
								"delta": 20,
								"reflectivity": 400,
								"emboss": 0.3
							}
						}
					},
					"world": {
						"x": 40,
						"y": 151,
						"width": 200,
						"height": 30,
						"originX": 0,
						"originY": 0,
						"color": [
							1,
							0.9647058823529412,
							0,
							1
						],
						"angle": 0,
						"zElevation": 0,
						"blendMode": "additive"
					}
				},
				{
					"type": "FonteDeSprites3",
					"properties": {
						"text": "Alexandre L. Martins (Mega)",
						"enable-bbcode": true,
						"character-width": 16,
						"character-height": 16,
						"character-set": "ABCDEFGHIJKLMNOPQRSTUVWXYZabcdefghijklmnopqrstuvwxyz0123456789.,;:?!-_~#\"'&()[]|`\\/@°+=*$£€<>",
						"spacing-data": "",
						"scale": 1,
						"character-spacing": 0,
						"line-height": 0,
						"horizontal-alignment": "left",
						"vertical-alignment": "top",
						"wrapping": "word",
						"initially-visible": true,
						"origin": "top-left"
					},
					"uid": 11,
					"instanceVariables": {},
					"behaviors": {},
					"effects": {
						"Água": {
							"parameters": {
								"speed": 0.05,
								"x-speed": 0.2,
								"y-speed": 0.2,
								"intensity": 3,
								"frequency": 2,
								"angle": 7,
								"delta": 20,
								"reflectivity": 400,
								"emboss": 0.3
							}
						}
					},
					"world": {
						"x": 52,
						"y": 189,
						"width": 461,
						"height": 30,
						"originX": 0,
						"originY": 0,
						"color": [
							1,
							0.9647058823529412,
							0,
							1
						],
						"angle": 0,
						"zElevation": 0,
						"blendMode": "additive"
					}
				},
				{
					"type": "FonteDeSprites3",
					"properties": {
						"text": "Leonardo Yoshi",
						"enable-bbcode": true,
						"character-width": 16,
						"character-height": 16,
						"character-set": "ABCDEFGHIJKLMNOPQRSTUVWXYZabcdefghijklmnopqrstuvwxyz0123456789.,;:?!-_~#\"'&()[]|`\\/@°+=*$£€<>",
						"spacing-data": "",
						"scale": 1,
						"character-spacing": 0,
						"line-height": 0,
						"horizontal-alignment": "left",
						"vertical-alignment": "top",
						"wrapping": "word",
						"initially-visible": true,
						"origin": "top-left"
					},
					"uid": 12,
					"instanceVariables": {},
					"behaviors": {},
					"effects": {
						"Água": {
							"parameters": {
								"speed": 0.05,
								"x-speed": 0.2,
								"y-speed": 0.2,
								"intensity": 3,
								"frequency": 2,
								"angle": 7,
								"delta": 20,
								"reflectivity": 400,
								"emboss": 0.3
							}
						}
					},
					"world": {
						"x": 47,
						"y": 218,
						"width": 461,
						"height": 30,
						"originX": 0,
						"originY": 0,
						"color": [
							1,
							0.9647058823529412,
							0,
							1
						],
						"angle": 0,
						"zElevation": 0,
						"blendMode": "additive"
					}
				},
				{
					"type": "FonteDeSprites3",
					"properties": {
						"text": "Images",
						"enable-bbcode": true,
						"character-width": 16,
						"character-height": 16,
						"character-set": "ABCDEFGHIJKLMNOPQRSTUVWXYZabcdefghijklmnopqrstuvwxyz0123456789.,;:?!-_~#\"'&()[]|`\\/@°+=*$£€<>",
						"spacing-data": "",
						"scale": 1,
						"character-spacing": 0,
						"line-height": 0,
						"horizontal-alignment": "left",
						"vertical-alignment": "top",
						"wrapping": "word",
						"initially-visible": true,
						"origin": "top-left"
					},
					"uid": 13,
					"instanceVariables": {},
					"behaviors": {},
					"effects": {
						"Água": {
							"parameters": {
								"speed": 0.05,
								"x-speed": 0.2,
								"y-speed": 0.2,
								"intensity": 3,
								"frequency": 2,
								"angle": 7,
								"delta": 20,
								"reflectivity": 400,
								"emboss": 0.3
							}
						}
					},
					"world": {
						"x": 50,
						"y": 366,
						"width": 665,
						"height": 30,
						"originX": 0,
						"originY": 0,
						"color": [
							1,
							0.9647058823529412,
							0,
							1
						],
						"angle": 0,
						"zElevation": 0,
						"blendMode": "additive"
					}
				},
				{
					"type": "FonteDeSprites3",
					"properties": {
						"text": "Unsplash: https://unsplash.com/",
						"enable-bbcode": true,
						"character-width": 16,
						"character-height": 16,
						"character-set": "ABCDEFGHIJKLMNOPQRSTUVWXYZabcdefghijklmnopqrstuvwxyz0123456789.,;:?!-_~#\"'&()[]|`\\/@°+=*$£€<>",
						"spacing-data": "",
						"scale": 1,
						"character-spacing": 0,
						"line-height": 0,
						"horizontal-alignment": "left",
						"vertical-alignment": "top",
						"wrapping": "word",
						"initially-visible": true,
						"origin": "top-left"
					},
					"uid": 14,
					"instanceVariables": {},
					"behaviors": {},
					"effects": {
						"Água": {
							"parameters": {
								"speed": 0.05,
								"x-speed": 0.2,
								"y-speed": 0.2,
								"intensity": 3,
								"frequency": 2,
								"angle": 7,
								"delta": 20,
								"reflectivity": 400,
								"emboss": 0.3
							}
						}
					},
					"world": {
						"x": 37,
						"y": 389,
						"width": 665,
						"height": 30,
						"originX": 0,
						"originY": 0,
						"color": [
							1,
							0.9647058823529412,
							0,
							1
						],
						"angle": 0,
						"zElevation": 0,
						"blendMode": "additive"
					}
				},
				{
					"type": "FonteDeSprites3",
					"properties": {
						"text": "Freerange: https://freerangestock.com/",
						"enable-bbcode": true,
						"character-width": 16,
						"character-height": 16,
						"character-set": "ABCDEFGHIJKLMNOPQRSTUVWXYZabcdefghijklmnopqrstuvwxyz0123456789.,;:?!-_~#\"'&()[]|`\\/@°+=*$£€<>",
						"spacing-data": "",
						"scale": 1,
						"character-spacing": 0,
						"line-height": 0,
						"horizontal-alignment": "left",
						"vertical-alignment": "top",
						"wrapping": "word",
						"initially-visible": true,
						"origin": "top-left"
					},
					"uid": 15,
					"instanceVariables": {},
					"behaviors": {},
					"effects": {
						"Água": {
							"parameters": {
								"speed": 0.05,
								"x-speed": 0.2,
								"y-speed": 0.2,
								"intensity": 3,
								"frequency": 2,
								"angle": 7,
								"delta": 20,
								"reflectivity": 400,
								"emboss": 0.3
							}
						}
					},
					"world": {
						"x": 28,
						"y": 420,
						"width": 665,
						"height": 30,
						"originX": 0,
						"originY": 0,
						"color": [
							1,
							0.9647058823529412,
							0,
							1
						],
						"angle": 0,
						"zElevation": 0,
						"blendMode": "additive"
					}
				},
				{
					"type": "FonteDeSprites3",
					"properties": {
						"text": "What did you lose? You can find?",
						"enable-bbcode": true,
						"character-width": 16,
						"character-height": 16,
						"character-set": "ABCDEFGHIJKLMNOPQRSTUVWXYZabcdefghijklmnopqrstuvwxyz0123456789.,;:?!-_~#\"'&()[]|`\\/@°+=*$£€<>",
						"spacing-data": "",
						"scale": 1,
						"character-spacing": 0,
						"line-height": 0,
						"horizontal-alignment": "left",
						"vertical-alignment": "top",
						"wrapping": "word",
						"initially-visible": true,
						"origin": "top-left"
					},
					"uid": 16,
					"instanceVariables": {},
					"behaviors": {},
					"effects": {
						"Água": {
							"parameters": {
								"speed": 0.05,
								"x-speed": 0.2,
								"y-speed": 0.2,
								"intensity": 3,
								"frequency": 2,
								"angle": 7,
								"delta": 20,
								"reflectivity": 400,
								"emboss": 0.3
							}
						}
					},
					"world": {
						"x": 127,
						"y": 32,
						"width": 541,
						"height": 30,
						"originX": 0,
						"originY": 0,
						"color": [
							1,
							0.9647058823529412,
							0,
							1
						],
						"angle": 0,
						"zElevation": 0,
						"blendMode": "additive"
					}
				},
				{
					"type": "FonteDeSprites3",
					"properties": {
						"text": "A fairy tale",
						"enable-bbcode": true,
						"character-width": 16,
						"character-height": 16,
						"character-set": "ABCDEFGHIJKLMNOPQRSTUVWXYZabcdefghijklmnopqrstuvwxyz0123456789.,;:?!-_~#\"'&()[]|`\\/@°+=*$£€<>",
						"spacing-data": "",
						"scale": 1,
						"character-spacing": 0,
						"line-height": 0,
						"horizontal-alignment": "left",
						"vertical-alignment": "top",
						"wrapping": "word",
						"initially-visible": true,
						"origin": "top-left"
					},
					"uid": 17,
					"instanceVariables": {},
					"behaviors": {},
					"effects": {
						"Água": {
							"parameters": {
								"speed": 0.05,
								"x-speed": 0.2,
								"y-speed": 0.2,
								"intensity": 3,
								"frequency": 2,
								"angle": 7,
								"delta": 20,
								"reflectivity": 400,
								"emboss": 0.3
							}
						}
					},
					"world": {
						"x": 299,
						"y": 81,
						"width": 200,
						"height": 30,
						"originX": 0,
						"originY": 0,
						"color": [
							1,
							0.9647058823529412,
							0,
							1
						],
						"angle": 0,
						"zElevation": 0,
						"blendMode": "additive"
					}
				}
			],
			"sid": 291251360210282,
			"effectTypes": [],
			"isInitiallyVisible": true,
			"color": [
				1,
				1,
				1,
				1
			],
			"backgroundColor": [
				1,
				1,
				1,
				1
			],
			"isTransparent": false,
			"parallaxX": 1,
			"parallaxY": 1,
			"scaleRate": 1,
			"forceOwnTexture": false,
			"useRenderCells": false,
			"blendMode": "normal",
			"global": false
		}
	],
	"sid": 535998325851327,
	"nonworld-instances": [],
	"effectTypes": [],
	"width": 1708,
	"height": 960,
	"unboundedScrolling": false,
	"eventSheet": "creditos"
}