{
	"name": "Help",
	"layers": [
		{
			"name": "Camada 0",
			"overriden": 0,
			"instances": [
				{
					"type": "Sprite4",
					"properties": {
						"initially-visible": true,
						"initial-animation": "Animation 1",
						"initial-frame": 0,
						"enable-collisions": true,
						"live-preview": false
					},
					"uid": 19,
					"instanceVariables": {},
					"behaviors": {},
					"world": {
						"x": 425,
						"y": 245,
						"width": 863,
						"height": 506,
						"originX": 0.5,
						"originY": 0.5,
						"color": [
							1,
							1,
							1,
							1
						],
						"angle": 0,
						"zElevation": 0
					}
				}
			],
			"sid": 245440464973730,
			"effectTypes": [],
			"isInitiallyVisible": true,
			"color": [
				1,
				1,
				1,
				1
			],
			"backgroundColor": [
				1,
				1,
				1,
				1
			],
			"isTransparent": false,
			"parallaxX": 1,
			"parallaxY": 1,
			"scaleRate": 1,
			"forceOwnTexture": false,
			"useRenderCells": false,
			"blendMode": "normal",
			"global": false
		},
		{
			"name": "Camada 1",
			"overriden": 0,
			"instances": [
				{
					"type": "FonteDeSprites4",
					"properties": {
						"text": "Hi guys! Thank you for choosing our game. I would like to tell you a few words that will improve your experience. First, I'm going to tell you the story of this game. Everyone loses things, but what nobody knows is that things were not lost ... they were stolen by fairies. As everyone knows, or should know, it is impossible to see a fairy, but it is perfectly possible to find the lost things. By the way, our game is actually a Gate that allows you to see the fairy world for just a few seconds, no more. Enough time to find the object that is showing in the upper right corner of the screen and try to find it in the images mess. Click on the correct image and score, make a bad click and you will lose points. Finally, to stop the game, just close the windows. Then that's it. Thanks again. Press g, on keyboard, to start the game.",
						"enable-bbcode": true,
						"character-width": 16,
						"character-height": 16,
						"character-set": "ABCDEFGHIJKLMNOPQRSTUVWXYZabcdefghijklmnopqrstuvwxyz0123456789.,;:?!-_~#\"'&()[]|`\\/@°+=*$£€<>",
						"spacing-data": "",
						"scale": 1,
						"character-spacing": 0,
						"line-height": 0,
						"horizontal-alignment": "left",
						"vertical-alignment": "top",
						"wrapping": "word",
						"initially-visible": true,
						"origin": "top-left"
					},
					"uid": 18,
					"instanceVariables": {},
					"behaviors": {},
					"world": {
						"x": -5,
						"y": 1243,
						"width": 833,
						"height": 353,
						"originX": 0,
						"originY": 0,
						"color": [
							0.7607843137254902,
							1,
							0,
							1
						],
						"angle": 0,
						"zElevation": 0
					}
				},
				{
					"type": "FonteDeSprites5",
					"properties": {
						"text": "Hi guys! Thank you for choosing our game. I would like to tell you a few words that will improve your experience. First, I'm going to tell you the story of this game. Everyone loses things, but what nobody knows is that things were not lost ... they were stolen by fairies. As everyone knows, or should know, it is impossible to see a fairy, but it is perfectly possible to find the lost things. By the way, our game is actually a Gate that allows you to see the fairy world for just a few seconds, no more. Enough time to find the object that is showing in the upper right corner of the screen and try to find it in the images mess. Click on the correct image and score, make a bad click and you will lose points. Finally, to stop the game, just close the windows. Then that's it. Thanks again. To star the game press 'g' key on keyboard.",
						"enable-bbcode": true,
						"character-width": 16,
						"character-height": 16,
						"character-set": "ABCDEFGHIJKLMNOPQRSTUVWXYZabcdefghijklmnopqrstuvwxyz0123456789.,;:?!-_~#\"'&()[]|`\\/@°+=*$£€<>",
						"spacing-data": "",
						"scale": 1,
						"character-spacing": 0,
						"line-height": 0,
						"horizontal-alignment": "left",
						"vertical-alignment": "top",
						"wrapping": "word",
						"initially-visible": true,
						"origin": "top-left"
					},
					"uid": 20,
					"instanceVariables": {},
					"behaviors": {},
					"world": {
						"x": 19,
						"y": 134,
						"width": 820,
						"height": 288,
						"originX": 0,
						"originY": 0,
						"color": [
							1,
							0.9176470588235294,
							0,
							1
						],
						"angle": 0,
						"zElevation": 0
					}
				}
			],
			"sid": 777419772716063,
			"effectTypes": [],
			"isInitiallyVisible": true,
			"color": [
				1,
				1,
				1,
				1
			],
			"backgroundColor": [
				1,
				1,
				1,
				1
			],
			"isTransparent": true,
			"parallaxX": 1,
			"parallaxY": 1,
			"scaleRate": 1,
			"forceOwnTexture": false,
			"useRenderCells": false,
			"blendMode": "normal",
			"global": false
		}
	],
	"sid": 257854115064858,
	"nonworld-instances": [],
	"effectTypes": [],
	"width": 1708,
	"height": 960,
	"unboundedScrolling": false,
	"eventSheet": "Help"
}