{
	"name": "Introdução",
	"layers": [
		{
			"name": "Camada 0",
			"overriden": 0,
			"instances": [
				{
					"type": "Sprite2",
					"properties": {
						"initially-visible": true,
						"initial-animation": "Animation 1",
						"initial-frame": 0,
						"enable-collisions": true,
						"live-preview": false
					},
					"uid": 6,
					"instanceVariables": {},
					"behaviors": {},
					"effects": {
						"Água": {
							"parameters": {
								"speed": 0.03,
								"x-speed": 0.15,
								"y-speed": 0.15,
								"intensity": 2,
								"frequency": 2,
								"angle": 7,
								"delta": 20,
								"reflectivity": 400,
								"emboss": 0.3
							}
						}
					},
					"world": {
						"x": 427,
						"y": 239.5,
						"width": 854,
						"height": 489,
						"originX": 0.5,
						"originY": 0.5,
						"color": [
							1,
							1,
							1,
							1
						],
						"angle": 0,
						"zElevation": 0
					}
				}
			],
			"sid": 180928323667640,
			"effectTypes": [],
			"isInitiallyVisible": true,
			"color": [
				1,
				1,
				1,
				1
			],
			"backgroundColor": [
				1,
				1,
				1,
				1
			],
			"isTransparent": false,
			"parallaxX": 1,
			"parallaxY": 1,
			"scaleRate": 1,
			"forceOwnTexture": false,
			"useRenderCells": false,
			"blendMode": "normal",
			"global": false
		}
	],
	"sid": 637927525172898,
	"nonworld-instances": [],
	"effectTypes": [],
	"width": 854,
	"height": 478,
	"unboundedScrolling": false,
	"eventSheet": "Introdução"
}