{
	"name": "GameZone",
	"layers": [
		{
			"name": "Camada 0",
			"overriden": 0,
			"instances": [],
			"sid": 604876330664555,
			"effectTypes": [],
			"isInitiallyVisible": true,
			"color": [
				1,
				1,
				1,
				1
			],
			"backgroundColor": [
				1,
				1,
				1,
				1
			],
			"isTransparent": false,
			"parallaxX": 1,
			"parallaxY": 1,
			"scaleRate": 1,
			"forceOwnTexture": false,
			"useRenderCells": false,
			"blendMode": "normal",
			"global": false
		},
		{
			"name": "Camada 1",
			"overriden": 0,
			"instances": [
				{
					"type": "Sprite",
					"properties": {
						"initially-visible": true,
						"initial-animation": "Animation 1",
						"initial-frame": 0,
						"enable-collisions": true,
						"live-preview": false
					},
					"uid": 4,
					"instanceVariables": {},
					"behaviors": {
						"Sólido": {
							"properties": {
								"enabled": true,
								"tags": ""
							}
						}
					},
					"world": {
						"x": 735,
						"y": 106,
						"width": 152,
						"height": 152,
						"originX": 0.5,
						"originY": 0.5,
						"color": [
							1,
							1,
							1,
							1
						],
						"angle": 0,
						"zElevation": 0
					}
				},
				{
					"type": "HIT",
					"properties": {
						"text": "Hit:0",
						"enable-bbcode": true,
						"font": "Palatino Linotype",
						"size": 18,
						"line-height": 0,
						"bold": true,
						"italic": true,
						"color": [
							1,
							0.043137254901960784,
							0.2980392156862745,
							1
						],
						"horizontal-alignment": "center",
						"vertical-alignment": "center",
						"wrapping": "word",
						"initially-visible": true,
						"origin": "top-left"
					},
					"uid": 3,
					"instanceVariables": {
						"hitText": 0
					},
					"behaviors": {},
					"world": {
						"x": 13,
						"y": 19,
						"width": 91,
						"height": 26,
						"originX": 0,
						"originY": 0,
						"color": [
							1,
							1,
							1,
							1
						],
						"angle": 0,
						"zElevation": 0
					}
				}
			],
			"sid": 153706330157689,
			"effectTypes": [],
			"isInitiallyVisible": true,
			"color": [
				1,
				1,
				1,
				1
			],
			"backgroundColor": [
				1,
				1,
				1,
				1
			],
			"isTransparent": true,
			"parallaxX": 1,
			"parallaxY": 1,
			"scaleRate": 1,
			"forceOwnTexture": false,
			"useRenderCells": false,
			"blendMode": "normal",
			"global": false
		}
	],
	"sid": 828877130488237,
	"nonworld-instances": [],
	"effectTypes": [],
	"width": 854,
	"height": 478,
	"unboundedScrolling": false,
	"eventSheet": "GameZone"
}