{
	"name": "i15",
	"plugin-id": "Sprite",
	"sid": 394070516523247,
	"isGlobal": false,
	"instanceVariables": [],
	"behaviorTypes": [
		{
			"behaviorId": "solid",
			"name": "Sólido",
			"sid": 550221268514592
		},
		{
			"behaviorId": "Rotate",
			"name": "Girar",
			"sid": 295305558745945
		},
		{
			"behaviorId": "Bullet",
			"name": "Projétil",
			"sid": 904793116895643
		},
		{
			"behaviorId": "Sin",
			"name": "Senóide",
			"sid": 764929469922266
		},
		{
			"behaviorId": "wrap",
			"name": "DarAVolta",
			"sid": 996641342979421
		}
	],
	"effectTypes": [],
	"animations": {
		"items": [
			{
				"frames": [
					{
						"width": 120,
						"height": 120,
						"originX": 0.5,
						"originY": 0.5,
						"originalSource": "",
						"exportFormat": "png",
						"exportQuality": 0.8,
						"imageSpriteId": 3622506,
						"collisionPoly": {
							"points": [
								0.005494505494505495,
								0.008403361344537815,
								0.5,
								0.008403361344537815,
								0.989010989010989,
								0.008403361344537815,
								0.989010989010989,
								0.5,
								0.989010989010989,
								0.9831932773109243,
								0.5,
								0.9831932773109243,
								0.005494505494505495,
								0.9831932773109243,
								0.005494505494505495,
								0.5
							]
						},
						"useCollisionPoly": true,
						"duration": 1
					}
				],
				"sid": 137716100052338,
				"name": "Animation 1",
				"isLooping": false,
				"isPingPong": false,
				"repeatCount": 1,
				"repeatTo": 0,
				"speed": 5
			}
		],
		"subfolders": []
	}
}