{
	"name": "i14",
	"plugin-id": "Sprite",
	"sid": 943009636789275,
	"isGlobal": false,
	"instanceVariables": [],
	"behaviorTypes": [
		{
			"behaviorId": "solid",
			"name": "Sólido",
			"sid": 967870187629346
		},
		{
			"behaviorId": "Rotate",
			"name": "Girar",
			"sid": 643678162709550
		},
		{
			"behaviorId": "Bullet",
			"name": "Projétil",
			"sid": 917597075534512
		},
		{
			"behaviorId": "Sin",
			"name": "Senóide",
			"sid": 129222400893851
		},
		{
			"behaviorId": "wrap",
			"name": "DarAVolta",
			"sid": 395219480821590
		}
	],
	"effectTypes": [],
	"animations": {
		"items": [
			{
				"frames": [
					{
						"width": 120,
						"height": 120,
						"originX": 0.5,
						"originY": 0.5,
						"originalSource": "",
						"exportFormat": "png",
						"exportQuality": 0.8,
						"imageSpriteId": 9624827,
						"collisionPoly": {
							"points": [
								0.005494505494505495,
								0.008403361344537815,
								0.5,
								0.008403361344537815,
								0.989010989010989,
								0.008403361344537815,
								0.989010989010989,
								0.5,
								0.989010989010989,
								0.9831932773109243,
								0.5,
								0.9831932773109243,
								0.005494505494505495,
								0.9831932773109243,
								0.005494505494505495,
								0.5
							]
						},
						"useCollisionPoly": true,
						"duration": 1
					}
				],
				"sid": 500835389362163,
				"name": "Animation 1",
				"isLooping": false,
				"isPingPong": false,
				"repeatCount": 1,
				"repeatTo": 0,
				"speed": 5
			}
		],
		"subfolders": []
	}
}