{
	"name": "i5",
	"plugin-id": "Sprite",
	"sid": 171367889492982,
	"isGlobal": false,
	"instanceVariables": [],
	"behaviorTypes": [
		{
			"behaviorId": "solid",
			"name": "Sólido",
			"sid": 717485806217164
		},
		{
			"behaviorId": "Rotate",
			"name": "Girar",
			"sid": 959002461127700
		},
		{
			"behaviorId": "Bullet",
			"name": "Projétil",
			"sid": 632246023443378
		},
		{
			"behaviorId": "Sin",
			"name": "Senóide",
			"sid": 859847938432214
		},
		{
			"behaviorId": "wrap",
			"name": "DarAVolta",
			"sid": 141639492309124
		}
	],
	"effectTypes": [],
	"animations": {
		"items": [
			{
				"frames": [
					{
						"width": 120,
						"height": 120,
						"originX": 0.5,
						"originY": 0.5,
						"originalSource": "",
						"exportFormat": "png",
						"exportQuality": 0.8,
						"imageSpriteId": 6933111,
						"collisionPoly": {
							"points": [
								0,
								0,
								0.5,
								0,
								1,
								0,
								1,
								0.5,
								1,
								1,
								0.5,
								1,
								0,
								1,
								0,
								0.5
							]
						},
						"useCollisionPoly": true,
						"duration": 1
					}
				],
				"sid": 587753922387311,
				"name": "Animation 1",
				"isLooping": false,
				"isPingPong": false,
				"repeatCount": 1,
				"repeatTo": 0,
				"speed": 5
			}
		],
		"subfolders": []
	}
}