{
	"name": "i10",
	"plugin-id": "Sprite",
	"sid": 678624101347641,
	"isGlobal": false,
	"instanceVariables": [],
	"behaviorTypes": [
		{
			"behaviorId": "solid",
			"name": "Sólido",
			"sid": 708237321376458
		},
		{
			"behaviorId": "Rotate",
			"name": "Girar",
			"sid": 668608203040109
		},
		{
			"behaviorId": "Bullet",
			"name": "Projétil",
			"sid": 377669040867362
		},
		{
			"behaviorId": "Sin",
			"name": "Senóide",
			"sid": 345920583846650
		},
		{
			"behaviorId": "wrap",
			"name": "DarAVolta",
			"sid": 237393081643012
		}
	],
	"effectTypes": [],
	"animations": {
		"items": [
			{
				"frames": [
					{
						"width": 120,
						"height": 120,
						"originX": 0.5,
						"originY": 0.5,
						"originalSource": "",
						"exportFormat": "png",
						"exportQuality": 0.8,
						"imageSpriteId": 249041,
						"collisionPoly": {
							"points": [
								0.005494505494505495,
								0.008403361344537815,
								0.5,
								0.008403361344537815,
								0.989010989010989,
								0.008403361344537815,
								0.989010989010989,
								0.5,
								0.989010989010989,
								0.9831932773109243,
								0.5,
								0.9831932773109243,
								0.005494505494505495,
								0.9831932773109243,
								0.005494505494505495,
								0.5
							]
						},
						"useCollisionPoly": true,
						"duration": 1
					}
				],
				"sid": 447105262963254,
				"name": "Animation 1",
				"isLooping": false,
				"isPingPong": false,
				"repeatCount": 1,
				"repeatTo": 0,
				"speed": 5
			}
		],
		"subfolders": []
	}
}