{
	"name": "Sprite",
	"plugin-id": "Sprite",
	"sid": 209594270498331,
	"isGlobal": false,
	"instanceVariables": [],
	"behaviorTypes": [
		{
			"behaviorId": "solid",
			"name": "Sólido",
			"sid": 480886959687341
		}
	],
	"effectTypes": [],
	"animations": {
		"items": [
			{
				"frames": [
					{
						"width": 152,
						"height": 152,
						"originX": 0.5,
						"originY": 0.5,
						"originalSource": "",
						"exportFormat": "png",
						"exportQuality": 0.8,
						"imageSpriteId": 5003455,
						"collisionPoly": {
							"points": [
								0.006578947368421052,
								0.006578947368421052,
								0.5,
								0.006578947368421052,
								0.993421052631579,
								0.006578947368421052,
								0.993421052631579,
								0.5,
								0.993421052631579,
								0.993421052631579,
								0.5,
								0.993421052631579,
								0.006578947368421052,
								0.993421052631579,
								0.006578947368421052,
								0.5
							]
						},
						"useCollisionPoly": true,
						"duration": 1
					}
				],
				"sid": 886376345901685,
				"name": "Animation 1",
				"isLooping": false,
				"isPingPong": false,
				"repeatCount": 1,
				"repeatTo": 0,
				"speed": 5
			}
		],
		"subfolders": []
	}
}