{
	"name": "i20",
	"plugin-id": "Sprite",
	"sid": 545154697635730,
	"isGlobal": false,
	"instanceVariables": [],
	"behaviorTypes": [
		{
			"behaviorId": "solid",
			"name": "Sólido",
			"sid": 850680246983873
		},
		{
			"behaviorId": "Rotate",
			"name": "Girar",
			"sid": 562671228144919
		},
		{
			"behaviorId": "Bullet",
			"name": "Projétil",
			"sid": 522740233170821
		},
		{
			"behaviorId": "Sin",
			"name": "Senóide",
			"sid": 662776268602593
		},
		{
			"behaviorId": "wrap",
			"name": "DarAVolta",
			"sid": 611851150960025
		}
	],
	"effectTypes": [],
	"animations": {
		"items": [
			{
				"frames": [
					{
						"width": 120,
						"height": 120,
						"originX": 0.5,
						"originY": 0.5,
						"originalSource": "",
						"exportFormat": "png",
						"exportQuality": 0.8,
						"imageSpriteId": 7910731,
						"collisionPoly": {
							"points": [
								0.005494505494505495,
								0.008403361344537815,
								0.5,
								0.008403361344537815,
								0.989010989010989,
								0.008403361344537815,
								0.989010989010989,
								0.5,
								0.989010989010989,
								0.9831932773109243,
								0.5,
								0.9831932773109243,
								0.005494505494505495,
								0.9831932773109243,
								0.005494505494505495,
								0.5
							]
						},
						"useCollisionPoly": true,
						"duration": 1
					}
				],
				"sid": 582013066830010,
				"name": "Animation 1",
				"isLooping": false,
				"isPingPong": false,
				"repeatCount": 1,
				"repeatTo": 0,
				"speed": 5
			}
		],
		"subfolders": []
	}
}