{
	"name": "i4",
	"plugin-id": "Sprite",
	"sid": 234700739302081,
	"isGlobal": false,
	"instanceVariables": [],
	"behaviorTypes": [
		{
			"behaviorId": "solid",
			"name": "Sólido",
			"sid": 959734109833826
		},
		{
			"behaviorId": "Rotate",
			"name": "Girar",
			"sid": 439259162446443
		},
		{
			"behaviorId": "Bullet",
			"name": "Projétil",
			"sid": 104380997809979
		},
		{
			"behaviorId": "Sin",
			"name": "Senóide",
			"sid": 383223388357197
		},
		{
			"behaviorId": "wrap",
			"name": "DarAVolta",
			"sid": 474555675340033
		}
	],
	"effectTypes": [],
	"animations": {
		"items": [
			{
				"frames": [
					{
						"width": 120,
						"height": 120,
						"originX": 0.5,
						"originY": 0.5,
						"originalSource": "",
						"exportFormat": "png",
						"exportQuality": 0.8,
						"imageSpriteId": 4613604,
						"collisionPoly": {
							"points": [
								0,
								0,
								0.5,
								0,
								1,
								0,
								1,
								0.5,
								1,
								1,
								0.5,
								1,
								0,
								1,
								0,
								0.5
							]
						},
						"useCollisionPoly": true,
						"duration": 1
					}
				],
				"sid": 121954281914042,
				"name": "Animation 1",
				"isLooping": false,
				"isPingPong": false,
				"repeatCount": 1,
				"repeatTo": 0,
				"speed": 5
			}
		],
		"subfolders": []
	}
}