{
	"name": "i9",
	"plugin-id": "Sprite",
	"sid": 775240317381410,
	"isGlobal": false,
	"instanceVariables": [],
	"behaviorTypes": [
		{
			"behaviorId": "solid",
			"name": "Sólido",
			"sid": 113973199216709
		},
		{
			"behaviorId": "Rotate",
			"name": "Girar",
			"sid": 719881762220998
		},
		{
			"behaviorId": "Bullet",
			"name": "Projétil",
			"sid": 452076394364347
		},
		{
			"behaviorId": "Sin",
			"name": "Senóide",
			"sid": 879307172522273
		},
		{
			"behaviorId": "wrap",
			"name": "DarAVolta",
			"sid": 251072782826030
		}
	],
	"effectTypes": [],
	"animations": {
		"items": [
			{
				"frames": [
					{
						"width": 120,
						"height": 120,
						"originX": 0.5,
						"originY": 0.5,
						"originalSource": "",
						"exportFormat": "png",
						"exportQuality": 0.8,
						"imageSpriteId": 3975424,
						"collisionPoly": {
							"points": [
								0.005494505494505495,
								0.008403361344537815,
								0.5,
								0.008403361344537815,
								0.989010989010989,
								0.008403361344537815,
								0.989010989010989,
								0.5,
								0.989010989010989,
								0.9831932773109243,
								0.5,
								0.9831932773109243,
								0.005494505494505495,
								0.9831932773109243,
								0.005494505494505495,
								0.5
							]
						},
						"useCollisionPoly": true,
						"duration": 1
					}
				],
				"sid": 375624067476991,
				"name": "Animation 1",
				"isLooping": false,
				"isPingPong": false,
				"repeatCount": 1,
				"repeatTo": 0,
				"speed": 5
			}
		],
		"subfolders": []
	}
}