{
	"name": "i12",
	"plugin-id": "Sprite",
	"sid": 378057813483470,
	"isGlobal": false,
	"instanceVariables": [],
	"behaviorTypes": [
		{
			"behaviorId": "solid",
			"name": "Sólido",
			"sid": 155443880100284
		},
		{
			"behaviorId": "Rotate",
			"name": "Girar",
			"sid": 920044216446675
		},
		{
			"behaviorId": "Bullet",
			"name": "Projétil",
			"sid": 693853929512617
		},
		{
			"behaviorId": "Sin",
			"name": "Senóide",
			"sid": 625911726010866
		},
		{
			"behaviorId": "wrap",
			"name": "DarAVolta",
			"sid": 935605898085803
		}
	],
	"effectTypes": [],
	"animations": {
		"items": [
			{
				"frames": [
					{
						"width": 120,
						"height": 120,
						"originX": 0.5,
						"originY": 0.5,
						"originalSource": "",
						"exportFormat": "png",
						"exportQuality": 0.8,
						"imageSpriteId": 5527909,
						"collisionPoly": {
							"points": [
								0.005494505494505495,
								0.008403361344537815,
								0.5,
								0.008403361344537815,
								0.989010989010989,
								0.008403361344537815,
								0.989010989010989,
								0.5,
								0.989010989010989,
								0.9831932773109243,
								0.5,
								0.9831932773109243,
								0.005494505494505495,
								0.9831932773109243,
								0.005494505494505495,
								0.5
							]
						},
						"useCollisionPoly": true,
						"duration": 1
					}
				],
				"sid": 729715327959909,
				"name": "Animation 1",
				"isLooping": false,
				"isPingPong": false,
				"repeatCount": 1,
				"repeatTo": 0,
				"speed": 5
			}
		],
		"subfolders": []
	}
}