{
	"name": "i19",
	"plugin-id": "Sprite",
	"sid": 134558144339210,
	"isGlobal": false,
	"instanceVariables": [],
	"behaviorTypes": [
		{
			"behaviorId": "solid",
			"name": "Sólido",
			"sid": 523685623761217
		},
		{
			"behaviorId": "Rotate",
			"name": "Girar",
			"sid": 533214322254559
		},
		{
			"behaviorId": "Bullet",
			"name": "Projétil",
			"sid": 742898603336900
		},
		{
			"behaviorId": "Sin",
			"name": "Senóide",
			"sid": 871195145638418
		},
		{
			"behaviorId": "wrap",
			"name": "DarAVolta",
			"sid": 281356619669713
		}
	],
	"effectTypes": [],
	"animations": {
		"items": [
			{
				"frames": [
					{
						"width": 120,
						"height": 120,
						"originX": 0.5,
						"originY": 0.5,
						"originalSource": "",
						"exportFormat": "png",
						"exportQuality": 0.8,
						"imageSpriteId": 6284151,
						"collisionPoly": {
							"points": [
								0.005494505494505495,
								0.008403361344537815,
								0.5,
								0.008403361344537815,
								0.989010989010989,
								0.008403361344537815,
								0.989010989010989,
								0.5,
								0.989010989010989,
								0.9831932773109243,
								0.5,
								0.9831932773109243,
								0.005494505494505495,
								0.9831932773109243,
								0.005494505494505495,
								0.5
							]
						},
						"useCollisionPoly": true,
						"duration": 1
					}
				],
				"sid": 194011510603805,
				"name": "Animation 1",
				"isLooping": false,
				"isPingPong": false,
				"repeatCount": 1,
				"repeatTo": 0,
				"speed": 5
			}
		],
		"subfolders": []
	}
}