{
	"name": "Sprite2",
	"plugin-id": "Sprite",
	"sid": 182842454018280,
	"isGlobal": false,
	"instanceVariables": [],
	"behaviorTypes": [],
	"effectTypes": [
		{
			"effectId": "water",
			"name": "Água"
		}
	],
	"animations": {
		"items": [
			{
				"frames": [
					{
						"width": 1920,
						"height": 1080,
						"originX": 0.5,
						"originY": 0.5,
						"originalSource": "",
						"exportFormat": "png",
						"exportQuality": 0.8,
						"imageSpriteId": 149429,
						"collisionPoly": {
							"points": [
								0,
								0,
								0.5,
								0,
								0.9994791666666667,
								0,
								0.9994791666666667,
								0.5,
								0.9994791666666667,
								0.9990740740740741,
								0.5,
								0.9990740740740741,
								0,
								0.9990740740740741,
								0,
								0.5
							]
						},
						"useCollisionPoly": true,
						"duration": 1
					}
				],
				"sid": 531195264031577,
				"name": "Animation 1",
				"isLooping": false,
				"isPingPong": false,
				"repeatCount": 1,
				"repeatTo": 0,
				"speed": 5
			}
		],
		"subfolders": []
	}
}