{
	"name": "i7",
	"plugin-id": "Sprite",
	"sid": 987471468031681,
	"isGlobal": false,
	"instanceVariables": [],
	"behaviorTypes": [
		{
			"behaviorId": "solid",
			"name": "Sólido",
			"sid": 975777820693814
		},
		{
			"behaviorId": "Rotate",
			"name": "Girar",
			"sid": 497350992200382
		},
		{
			"behaviorId": "Bullet",
			"name": "Projétil",
			"sid": 896825559301044
		},
		{
			"behaviorId": "Sin",
			"name": "Senóide",
			"sid": 735634614154450
		},
		{
			"behaviorId": "wrap",
			"name": "DarAVolta",
			"sid": 231401022222041
		}
	],
	"effectTypes": [],
	"animations": {
		"items": [
			{
				"frames": [
					{
						"width": 122,
						"height": 122,
						"originX": 0.5,
						"originY": 0.5,
						"originalSource": "",
						"exportFormat": "png",
						"exportQuality": 0.8,
						"imageSpriteId": 5579498,
						"collisionPoly": {
							"points": [
								0.013601152945415241,
								0.01646232263397162,
								0.5,
								0.01646232263397162,
								0.9809944154206449,
								0.01646232263397162,
								0.9809944154206449,
								0.5,
								0.9809944154206449,
								0.975272076043532,
								0.5,
								0.975272076043532,
								0.013601152945415241,
								0.975272076043532,
								0.013601152945415241,
								0.5
							]
						},
						"useCollisionPoly": true,
						"duration": 1
					}
				],
				"sid": 948968644021640,
				"name": "Animation 1",
				"isLooping": false,
				"isPingPong": false,
				"repeatCount": 1,
				"repeatTo": 0,
				"speed": 5
			}
		],
		"subfolders": []
	}
}