{
	"name": "i11",
	"plugin-id": "Sprite",
	"sid": 511416858426296,
	"isGlobal": false,
	"instanceVariables": [],
	"behaviorTypes": [
		{
			"behaviorId": "solid",
			"name": "Sólido",
			"sid": 706805532449572
		},
		{
			"behaviorId": "Rotate",
			"name": "Girar",
			"sid": 946273335444173
		},
		{
			"behaviorId": "Bullet",
			"name": "Projétil",
			"sid": 607003838808096
		},
		{
			"behaviorId": "Sin",
			"name": "Senóide",
			"sid": 933821436267098
		},
		{
			"behaviorId": "wrap",
			"name": "DarAVolta",
			"sid": 713383805033176
		}
	],
	"effectTypes": [],
	"animations": {
		"items": [
			{
				"frames": [
					{
						"width": 120,
						"height": 120,
						"originX": 0.5,
						"originY": 0.5,
						"originalSource": "",
						"exportFormat": "png",
						"exportQuality": 0.8,
						"imageSpriteId": 4830458,
						"collisionPoly": {
							"points": [
								0.005494505494505495,
								0.008403361344537815,
								0.5,
								0.008403361344537815,
								0.989010989010989,
								0.008403361344537815,
								0.989010989010989,
								0.5,
								0.989010989010989,
								0.9831932773109243,
								0.5,
								0.9831932773109243,
								0.005494505494505495,
								0.9831932773109243,
								0.005494505494505495,
								0.5
							]
						},
						"useCollisionPoly": true,
						"duration": 1
					}
				],
				"sid": 818432320346450,
				"name": "Animation 1",
				"isLooping": false,
				"isPingPong": false,
				"repeatCount": 1,
				"repeatTo": 0,
				"speed": 5
			}
		],
		"subfolders": []
	}
}