{
	"name": "i1",
	"plugin-id": "Sprite",
	"sid": 447641931627853,
	"isGlobal": false,
	"instanceVariables": [],
	"behaviorTypes": [
		{
			"behaviorId": "solid",
			"name": "Sólido",
			"sid": 969816714664988
		},
		{
			"behaviorId": "Rotate",
			"name": "Girar",
			"sid": 399844244973381
		},
		{
			"behaviorId": "Bullet",
			"name": "Projétil",
			"sid": 348533998172275
		},
		{
			"behaviorId": "Sin",
			"name": "Senóide",
			"sid": 994457520675596
		},
		{
			"behaviorId": "wrap",
			"name": "DarAVolta",
			"sid": 471834781341181
		}
	],
	"effectTypes": [],
	"animations": {
		"items": [
			{
				"frames": [
					{
						"width": 130,
						"height": 120,
						"originX": 0.5,
						"originY": 0.5,
						"originalSource": "",
						"exportFormat": "png",
						"exportQuality": 0.8,
						"imageSpriteId": 1631282,
						"collisionPoly": {
							"points": [
								0.005494505494505495,
								0.008403361344537815,
								0.5,
								0.008403361344537815,
								0.989010989010989,
								0.008403361344537815,
								0.989010989010989,
								0.5,
								0.989010989010989,
								0.9831932773109243,
								0.5,
								0.9831932773109243,
								0.005494505494505495,
								0.9831932773109243,
								0.005494505494505495,
								0.5
							]
						},
						"useCollisionPoly": true,
						"duration": 1
					}
				],
				"sid": 397264901258933,
				"name": "Animation 1",
				"isLooping": false,
				"isPingPong": false,
				"repeatCount": 1,
				"repeatTo": 0,
				"speed": 5
			}
		],
		"subfolders": []
	}
}