{
	"name": "i16",
	"plugin-id": "Sprite",
	"sid": 408867080736247,
	"isGlobal": false,
	"instanceVariables": [],
	"behaviorTypes": [
		{
			"behaviorId": "solid",
			"name": "Sólido",
			"sid": 909143673636710
		},
		{
			"behaviorId": "Rotate",
			"name": "Girar",
			"sid": 323855647684291
		},
		{
			"behaviorId": "Bullet",
			"name": "Projétil",
			"sid": 761971313162025
		},
		{
			"behaviorId": "Sin",
			"name": "Senóide",
			"sid": 873615967052888
		},
		{
			"behaviorId": "wrap",
			"name": "DarAVolta",
			"sid": 955968514175969
		}
	],
	"effectTypes": [],
	"animations": {
		"items": [
			{
				"frames": [
					{
						"width": 120,
						"height": 120,
						"originX": 0.5,
						"originY": 0.5,
						"originalSource": "",
						"exportFormat": "png",
						"exportQuality": 0.8,
						"imageSpriteId": 7367197,
						"collisionPoly": {
							"points": [
								0.005494505494505495,
								0.008403361344537815,
								0.5,
								0.008403361344537815,
								0.989010989010989,
								0.008403361344537815,
								0.989010989010989,
								0.5,
								0.989010989010989,
								0.9831932773109243,
								0.5,
								0.9831932773109243,
								0.005494505494505495,
								0.9831932773109243,
								0.005494505494505495,
								0.5
							]
						},
						"useCollisionPoly": true,
						"duration": 1
					}
				],
				"sid": 761393735142476,
				"name": "Animation 1",
				"isLooping": false,
				"isPingPong": false,
				"repeatCount": 1,
				"repeatTo": 0,
				"speed": 5
			}
		],
		"subfolders": []
	}
}