{
	"name": "i17",
	"plugin-id": "Sprite",
	"sid": 235107038892157,
	"isGlobal": false,
	"instanceVariables": [],
	"behaviorTypes": [
		{
			"behaviorId": "solid",
			"name": "Sólido",
			"sid": 906416004295490
		},
		{
			"behaviorId": "Rotate",
			"name": "Girar",
			"sid": 925164730529028
		},
		{
			"behaviorId": "Bullet",
			"name": "Projétil",
			"sid": 236838277733953
		},
		{
			"behaviorId": "Sin",
			"name": "Senóide",
			"sid": 401278319337491
		},
		{
			"behaviorId": "wrap",
			"name": "DarAVolta",
			"sid": 335324764547710
		}
	],
	"effectTypes": [],
	"animations": {
		"items": [
			{
				"frames": [
					{
						"width": 120,
						"height": 120,
						"originX": 0.5,
						"originY": 0.5,
						"originalSource": "",
						"exportFormat": "png",
						"exportQuality": 0.8,
						"imageSpriteId": 4157799,
						"collisionPoly": {
							"points": [
								0.005494505494505495,
								0.008403361344537815,
								0.5,
								0.008403361344537815,
								0.989010989010989,
								0.008403361344537815,
								0.989010989010989,
								0.5,
								0.989010989010989,
								0.9831932773109243,
								0.5,
								0.9831932773109243,
								0.005494505494505495,
								0.9831932773109243,
								0.005494505494505495,
								0.5
							]
						},
						"useCollisionPoly": true,
						"duration": 1
					}
				],
				"sid": 413391906171885,
				"name": "Animation 1",
				"isLooping": false,
				"isPingPong": false,
				"repeatCount": 1,
				"repeatTo": 0,
				"speed": 5
			}
		],
		"subfolders": []
	}
}