{
	"name": "i18",
	"plugin-id": "Sprite",
	"sid": 626062955324881,
	"isGlobal": false,
	"instanceVariables": [],
	"behaviorTypes": [
		{
			"behaviorId": "solid",
			"name": "Sólido",
			"sid": 444687054511413
		},
		{
			"behaviorId": "Rotate",
			"name": "Girar",
			"sid": 246267914508166
		},
		{
			"behaviorId": "Bullet",
			"name": "Projétil",
			"sid": 846058166826064
		},
		{
			"behaviorId": "Sin",
			"name": "Senóide",
			"sid": 201177017576021
		},
		{
			"behaviorId": "wrap",
			"name": "DarAVolta",
			"sid": 438849302903856
		}
	],
	"effectTypes": [],
	"animations": {
		"items": [
			{
				"frames": [
					{
						"width": 120,
						"height": 120,
						"originX": 0.5,
						"originY": 0.5,
						"originalSource": "",
						"exportFormat": "png",
						"exportQuality": 0.8,
						"imageSpriteId": 5042547,
						"collisionPoly": {
							"points": [
								0.005494505494505495,
								0.008403361344537815,
								0.5,
								0.008403361344537815,
								0.989010989010989,
								0.008403361344537815,
								0.989010989010989,
								0.5,
								0.989010989010989,
								0.9831932773109243,
								0.5,
								0.9831932773109243,
								0.005494505494505495,
								0.9831932773109243,
								0.005494505494505495,
								0.5
							]
						},
						"useCollisionPoly": true,
						"duration": 1
					}
				],
				"sid": 311106616445258,
				"name": "Animation 1",
				"isLooping": false,
				"isPingPong": false,
				"repeatCount": 1,
				"repeatTo": 0,
				"speed": 5
			}
		],
		"subfolders": []
	}
}