{
	"name": "i6",
	"plugin-id": "Sprite",
	"sid": 775522594586722,
	"isGlobal": false,
	"instanceVariables": [],
	"behaviorTypes": [
		{
			"behaviorId": "solid",
			"name": "Sólido",
			"sid": 322532768166281
		},
		{
			"behaviorId": "Rotate",
			"name": "Girar",
			"sid": 315028683344161
		},
		{
			"behaviorId": "Bullet",
			"name": "Projétil",
			"sid": 477307096672453
		},
		{
			"behaviorId": "Sin",
			"name": "Senóide",
			"sid": 202240527528367
		},
		{
			"behaviorId": "wrap",
			"name": "DarAVolta",
			"sid": 310728700492852
		}
	],
	"effectTypes": [],
	"animations": {
		"items": [
			{
				"frames": [
					{
						"width": 120,
						"height": 120,
						"originX": 0.5,
						"originY": 0.5,
						"originalSource": "",
						"exportFormat": "png",
						"exportQuality": 0.8,
						"imageSpriteId": 9571288,
						"collisionPoly": {
							"points": [
								0,
								0,
								0.5,
								0,
								1,
								0,
								1,
								0.5,
								1,
								1,
								0.5,
								1,
								0,
								1,
								0,
								0.5
							]
						},
						"useCollisionPoly": true,
						"duration": 1
					}
				],
				"sid": 792397122496532,
				"name": "Animation 1",
				"isLooping": false,
				"isPingPong": false,
				"repeatCount": 1,
				"repeatTo": 0,
				"speed": 5
			}
		],
		"subfolders": []
	}
}