{
	"name": "i13",
	"plugin-id": "Sprite",
	"sid": 811632908253386,
	"isGlobal": false,
	"instanceVariables": [],
	"behaviorTypes": [
		{
			"behaviorId": "solid",
			"name": "Sólido",
			"sid": 854985190169788
		},
		{
			"behaviorId": "Rotate",
			"name": "Girar",
			"sid": 871628115211471
		},
		{
			"behaviorId": "Bullet",
			"name": "Projétil",
			"sid": 535199929326784
		},
		{
			"behaviorId": "Sin",
			"name": "Senóide",
			"sid": 745682859295536
		},
		{
			"behaviorId": "wrap",
			"name": "DarAVolta",
			"sid": 279628213522300
		}
	],
	"effectTypes": [],
	"animations": {
		"items": [
			{
				"frames": [
					{
						"width": 120,
						"height": 120,
						"originX": 0.5,
						"originY": 0.5,
						"originalSource": "",
						"exportFormat": "png",
						"exportQuality": 0.8,
						"imageSpriteId": 6104459,
						"collisionPoly": {
							"points": [
								0.005494505494505495,
								0.008403361344537815,
								0.5,
								0.008403361344537815,
								0.989010989010989,
								0.008403361344537815,
								0.989010989010989,
								0.5,
								0.989010989010989,
								0.9831932773109243,
								0.5,
								0.9831932773109243,
								0.005494505494505495,
								0.9831932773109243,
								0.005494505494505495,
								0.5
							]
						},
						"useCollisionPoly": true,
						"duration": 1
					}
				],
				"sid": 983953662551840,
				"name": "Animation 1",
				"isLooping": false,
				"isPingPong": false,
				"repeatCount": 1,
				"repeatTo": 0,
				"speed": 5
			}
		],
		"subfolders": []
	}
}