{
	"name": "i8",
	"plugin-id": "Sprite",
	"sid": 533033037656026,
	"isGlobal": false,
	"instanceVariables": [],
	"behaviorTypes": [
		{
			"behaviorId": "solid",
			"name": "Sólido",
			"sid": 734933018785690
		},
		{
			"behaviorId": "Rotate",
			"name": "Girar",
			"sid": 841291404830570
		},
		{
			"behaviorId": "Bullet",
			"name": "Projétil",
			"sid": 362016548889371
		},
		{
			"behaviorId": "Sin",
			"name": "Senóide",
			"sid": 138862027488220
		},
		{
			"behaviorId": "wrap",
			"name": "DarAVolta",
			"sid": 883107929113758
		}
	],
	"effectTypes": [],
	"animations": {
		"items": [
			{
				"frames": [
					{
						"width": 120,
						"height": 120,
						"originX": 0.5,
						"originY": 0.5,
						"originalSource": "",
						"exportFormat": "png",
						"exportQuality": 0.8,
						"imageSpriteId": 2276580,
						"collisionPoly": {
							"points": [
								0.005494505494505495,
								0.008403361344537815,
								0.5,
								0.008403361344537815,
								0.989010989010989,
								0.008403361344537815,
								0.989010989010989,
								0.5,
								0.989010989010989,
								0.9831932773109243,
								0.5,
								0.9831932773109243,
								0.005494505494505495,
								0.9831932773109243,
								0.005494505494505495,
								0.5
							]
						},
						"useCollisionPoly": true,
						"duration": 1
					}
				],
				"sid": 665320047864415,
				"name": "Animation 1",
				"isLooping": false,
				"isPingPong": false,
				"repeatCount": 1,
				"repeatTo": 0,
				"speed": 5
			}
		],
		"subfolders": []
	}
}