{
	"name": "i2",
	"plugin-id": "Sprite",
	"sid": 674012298799283,
	"isGlobal": false,
	"instanceVariables": [],
	"behaviorTypes": [
		{
			"behaviorId": "solid",
			"name": "Sólido",
			"sid": 817169949058640
		},
		{
			"behaviorId": "Rotate",
			"name": "Girar",
			"sid": 188476319380835
		},
		{
			"behaviorId": "Bullet",
			"name": "Projétil",
			"sid": 445970208759265
		},
		{
			"behaviorId": "Sin",
			"name": "Senóide",
			"sid": 679154044257762
		},
		{
			"behaviorId": "wrap",
			"name": "DarAVolta",
			"sid": 170769054350503
		}
	],
	"effectTypes": [],
	"animations": {
		"items": [
			{
				"frames": [
					{
						"width": 120,
						"height": 120,
						"originX": 0.5,
						"originY": 0.5,
						"originalSource": "",
						"exportFormat": "png",
						"exportQuality": 0.8,
						"imageSpriteId": 6577893,
						"collisionPoly": {
							"points": [
								0.007035021053712643,
								0.010705921712947474,
								0.5,
								0.010705921712947474,
								0.9874875902913286,
								0.010705921712947474,
								0.9874875902913286,
								0.5,
								0.9874875902913286,
								0.9809300769488123,
								0.5,
								0.9809300769488123,
								0.007035021053712643,
								0.9809300769488123,
								0.007035021053712643,
								0.5
							]
						},
						"useCollisionPoly": true,
						"duration": 1
					}
				],
				"sid": 983668975222990,
				"name": "Animation 1",
				"isLooping": false,
				"isPingPong": false,
				"repeatCount": 1,
				"repeatTo": 0,
				"speed": 5
			}
		],
		"subfolders": []
	}
}