{
	"name": "i3",
	"plugin-id": "Sprite",
	"sid": 488373788786387,
	"isGlobal": false,
	"instanceVariables": [],
	"behaviorTypes": [
		{
			"behaviorId": "solid",
			"name": "Sólido",
			"sid": 538320447427232
		},
		{
			"behaviorId": "Rotate",
			"name": "Girar",
			"sid": 297625294411537
		},
		{
			"behaviorId": "Bullet",
			"name": "Projétil",
			"sid": 262666582389030
		},
		{
			"behaviorId": "Sin",
			"name": "Senóide",
			"sid": 815966507846982
		},
		{
			"behaviorId": "wrap",
			"name": "DarAVolta",
			"sid": 225452310221101
		}
	],
	"effectTypes": [],
	"animations": {
		"items": [
			{
				"frames": [
					{
						"width": 120,
						"height": 120,
						"originX": 0.5,
						"originY": 0.5,
						"originalSource": "",
						"exportFormat": "png",
						"exportQuality": 0.8,
						"imageSpriteId": 9240494,
						"collisionPoly": {
							"points": [
								0.007035021053712643,
								0.010705921712947474,
								0.5,
								0.010705921712947474,
								0.9874875902913286,
								0.010705921712947474,
								0.9874875902913286,
								0.5,
								0.9874875902913286,
								0.9809300769488123,
								0.5,
								0.9809300769488123,
								0.007035021053712643,
								0.9809300769488123,
								0.007035021053712643,
								0.5
							]
						},
						"useCollisionPoly": true,
						"duration": 1
					}
				],
				"sid": 516061992519096,
				"name": "Animation 1",
				"isLooping": false,
				"isPingPong": false,
				"repeatCount": 1,
				"repeatTo": 0,
				"speed": 5
			}
		],
		"subfolders": []
	}
}