{
	"name": "Sprite4",
	"plugin-id": "Sprite",
	"sid": 588465352768423,
	"isGlobal": false,
	"instanceVariables": [],
	"behaviorTypes": [],
	"effectTypes": [],
	"animations": {
		"items": [
			{
				"frames": [
					{
						"width": 1536,
						"height": 1536,
						"originX": 0.5,
						"originY": 0.5,
						"originalSource": "",
						"exportFormat": "png",
						"exportQuality": 0.8,
						"imageSpriteId": 581300,
						"collisionPoly": {
							"points": [
								0,
								0,
								0.5,
								0,
								0.9993489583333334,
								0,
								0.9993489583333334,
								0.5,
								0.9993489583333334,
								0.9993489583333334,
								0.5,
								0.9993489583333334,
								0,
								0.9993489583333334,
								0,
								0.5
							]
						},
						"useCollisionPoly": true,
						"duration": 1
					}
				],
				"sid": 754534458804436,
				"name": "Animation 1",
				"isLooping": false,
				"isPingPong": false,
				"repeatCount": 1,
				"repeatTo": 0,
				"speed": 5
			}
		],
		"subfolders": []
	}
}