{"propertiesBar":{"properties":[{"name":"Sobre","expanded":true,"children":[]},{"name":"Cores","expanded":true,"children":[]},{"name":"Iniciar","expanded":true,"children":[]},{"name":"Exibição","expanded":true,"children":[{"name":"Tamanho da tela","expanded":false,"children":[]}]},{"name":"Avançado","expanded":false,"children":[]},{"name":"Editor","expanded":true,"children":[]}],"scrollPosition":0},"openTabs":{"active":{"name":"Introdução","type":"layout"},"open":[{"name":"GameZone","type":"layout"},{"name":"GameZone","type":"eventSheet"},{"name":"creditos","type":"layout"},{"name":"creditos","type":"eventSheet"},{"name":"Help","type":"layout"},{"name":"Help","type":"eventSheet"},{"name":"Introdução","type":"eventSheet"},{"name":"Introdução","type":"layout"}]},"previewEffects":true,"previewBrowser":"default","pauseOnUnfocus":false,"projectBar":{"name":"<root>","children":[{"name":"What did you lose Can You find","expanded":true,"children":[{"name":"Layouts","expanded":true,"children":[{"name":"Introdução","expanded":true,"children":[]},{"name":"creditos","expanded":true,"children":[]},{"name":"GameZone","expanded":true,"children":[]},{"name":"Help","expanded":true,"children":[]}]},{"name":"Folha de eventos","expanded":true,"children":[{"name":"creditos","expanded":true,"children":[]},{"name":"GameZone","expanded":true,"children":[]},{"name":"Help","expanded":true,"children":[]},{"name":"Introdução","expanded":true,"children":[]}]},{"name":"Scripts","expanded":true,"children":[]},{"name":"Tipos de objeto","expanded":true,"children":[{"name":"FonteDeSprites","expanded":true,"children":[]},{"name":"FonteDeSprites2","expanded":true,"children":[]},{"name":"FonteDeSprites3","expanded":true,"children":[]},{"name":"FonteDeSprites4","expanded":true,"children":[]},{"name":"FonteDeSprites5","expanded":true,"children":[]},{"name":"HIT","expanded":true,"children":[]},{"name":"i1","expanded":true,"children":[]},{"name":"i10","expanded":true,"children":[]},{"name":"i11","expanded":true,"children":[]},{"name":"i12","expanded":true,"children":[]},{"name":"i13","expanded":true,"children":[]},{"name":"i14","expanded":true,"children":[]},{"name":"i15","expanded":true,"children":[]},{"name":"i16","expanded":true,"children":[]},{"name":"i17","expanded":true,"children":[]},{"name":"i18","expanded":true,"children":[]},{"name":"i19","expanded":true,"children":[]},{"name":"i2","expanded":true,"children":[]},{"name":"i20","expanded":true,"children":[]},{"name":"i3","expanded":true,"children":[]},{"name":"i4","expanded":true,"children":[]},{"name":"i5","expanded":true,"children":[]},{"name":"i6","expanded":true,"children":[]},{"name":"i7","expanded":true,"children":[]},{"name":"i8","expanded":true,"children":[]},{"name":"i9","expanded":true,"children":[]},{"name":"Mouse","expanded":true,"children":[]},{"name":"Sprite","expanded":true,"children":[]},{"name":"Sprite2","expanded":true,"children":[]},{"name":"Sprite3","expanded":true,"children":[]},{"name":"Sprite4","expanded":true,"children":[]},{"name":"Teclado","expanded":true,"children":[]},{"name":"Texto","expanded":true,"children":[]}]},{"name":"Famílias","expanded":true,"children":[]},{"name":"Linhas do tempo","expanded":true,"children":[{"name":"Atenuações","expanded":false,"children":[]}]},{"name":"Sons","expanded":true,"children":[]},{"name":"Música","expanded":true,"children":[]},{"name":"Vídeos","expanded":true,"children":[]},{"name":"Fontes","expanded":true,"children":[]},{"name":"Ícones","expanded":false,"children":[{"name":"icon-128.png","expanded":true,"children":[]},{"name":"icon-16.png","expanded":true,"children":[]},{"name":"icon-256.png","expanded":true,"children":[]},{"name":"icon-32.png","expanded":true,"children":[]},{"name":"icon-512.png","expanded":true,"children":[]},{"name":"icon-64.png","expanded":true,"children":[]},{"name":"loading-logo.png","expanded":true,"children":[]}]},{"name":"Arquivos","expanded":true,"children":[]}]}]},"propertiesBarActiveObject":{"name":"Introdução","type":"layout"}}